mae,median_ae
0.42695000000000005,0.35150000000000015
