mae,median_ae
0.43043750000000003,0.33999999999999986
