mae,median_ae
0.426176875,0.35020000000000007
