mae,median_ae
0.4279374999999999,0.33999999999999986
